{
  "metadata": {
    "measurement": "Measurement1",
    "frequency": 100.0,
    "num_frames": 110,
    "source_metadata": {
      "NO_OF_FRAMES": "2000",
      "NO_OF_CAMERAS": "10",
      "NO_OF_MARKERS": "15",
      "FREQUENCY": "100",
      "NO_OF_ANALOG": "0",
      "ANALOG_FREQUENCY": "0",
      "DESCRIPTION": "--",
      "TIME_STAMP": "2026-01-19, 10:19:43.755",
      "DATA_INCLUDED": "3D",
      "MARKER_NAMES": "New 0000",
      "TRAJECTORY_TYPES": "Measured"
    },
    "frame_range": {
      "start_frame": 530,
      "end_frame": 640,
      "total_frames": 2000
    }
  },
  "approximation_coefficients": {
    "right": {
      "phi_1": {
        "a": 0.0001457310416866751,
        "b": -0.01913423307895992,
        "c": 0.49632707073650706,
        "d": 77.36794505042938
      },
      "phi_3": {
        "a": -4.4219338977210914e-06,
        "b": 0.003014588267100127,
        "c": 1.1423814909603491,
        "d": -5.722938010355489
      },
      "q2_t": {
        "a": -39.785496083899545,
        "b": 351.280663942282,
        "c": -743.0616189236475,
        "d": 531.8368617573933,
        "e": -26.849826631861752,
        "f": 16.567667862870483
      }
    },
    "left": {
      "phi_1": {
        "a": 0.00014804033303662117,
        "b": -0.019874944054629178,
        "c": 0.5251796941259484,
        "d": 77.58437622039831
      },
      "phi_3": {
        "a": -1.8947858173171395e-06,
        "b": 0.0033659839874482476,
        "c": 1.1018780608067438,
        "d": -4.946087043227588
      },
      "q2_t": {
        "a": 37.17097518105443,
        "b": 120.51621760563789,
        "c": -479.51267688527776,
        "d": 393.144096778355,
        "e": 1.8014451924815318,
        "f": 16.498921979562837
      }
    }
  },
  "derivatives": {
    "right": {
      "dq2_dt": [
        7.381915859252786,
        8.730294676864503,
        11.877083861550375,
        15.00078915194365,
        17.998777974761992,
        21.79776617241771,
        25.662502253489095,
        31.39585588456697,
        38.77092522492518,
        46.090581683003506,
        56.41325720520882,
        67.335469425214,
        73.50318124711919,
        77.19058510193548,
        81.06030984921233,
        84.49895327241421,
        89.43650351148165,
        93.89794552212578,
        98.85325191506382,
        103.34773265318375,
        106.70324790524717,
        110.74611700208123,
        114.6803558306587,
        119.13983237615184,
        121.4381840500593,
        120.34348776274157,
        118.36166302488351,
        116.32388933660849,
        116.20871603409881,
        119.02571011265621,
        122.14671859937738,
        127.2977764797119,
        133.67549455550716,
        140.3817587504264,
        142.27472596695208,
        139.71150937163515,
        140.1978604834838,
        134.47622244250113,
        126.0557317630358,
        123.89786764977302,
        121.18389729327461,
        126.32654464157298,
        130.2854393882214,
        124.16748726879447,
        120.5027561261133,
        118.92589789063095,
        116.34315717698911,
        115.02728168165035,
        113.72786905352399,
        111.87277689499169,
        110.70315161002355,
        109.51185312534832,
        108.3058215098994,
        109.22327595248476,
        103.06076813961838,
        94.10540305827482,
        95.12496217663653,
        96.74992442855697,
        96.06200199832813,
        87.71248583879228,
        80.06524038415037,
        74.98864656374806,
        74.24334892746103,
        76.397165211975,
        74.31860741729395,
        73.11649135004856,
        74.28190977912834,
        69.98235816454397,
        65.50640182320393,
        65.5030932217528,
        65.45268164016562,
        63.17441541248954,
        52.63994956181932,
        46.45293309929315,
        47.959345416920485,
        47.078135585925196,
        38.88200571502338,
        38.53583354321728,
        35.79900072556015,
        35.55387517482416,
        39.32279170262731,
        30.206984087069344,
        32.402159033995304,
        34.55229775821138,
        28.01327555418851,
        20.532760083997914,
        24.66512957357523,
        26.47387070706344,
        33.38515367555246,
        36.08979134245445,
        16.74198139246883,
        18.632893111384874,
        17.04425735537356,
        10.35254436854487,
        18.819988890886208,
        11.848441866975179,
        6.637546768962466,
        11.58559056444517,
        16.97232011389005,
        12.11419845381343,
        4.664317541887897,
        9.908859601030429,
        13.078940572982845,
        14.773851820771,
        13.8712325506674,
        16.75943846630048,
        21.35894669328664,
        25.177487745193616,
        28.5025569492646,
        29.786661009158877
      ],
      "dq2_dt_from_polynomial": [
        -21.605413293371356,
        -16.50751016465115,
        -6.528329180059167,
        3.0217688842080648,
        12.151095407597445,
        20.867914026960044,
        29.180440636551452,
        37.096843388031964,
        44.62524269046675,
        51.773711210326034,
        58.550273871484215,
        64.96290785522038,
        71.0195426002187,
        76.72805980256764,
        82.09629341576061,
        87.13202965069566,
        91.84300697567593,
        96.23691611640837,
        100.32140005600496,
        104.10405403498312,
        107.59242555126427,
        110.79401436017466,
        113.71627247444529,
        116.36660416421111,
        118.75236595701324,
        120.88086663779673,
        122.75936724891068,
        124.39508109011044,
        125.79517371855431,
        126.96676294880689,
        127.91691885283605,
        128.65266376001543,
        129.18097225712336,
        129.50877118834114,
        129.64293965525718,
        129.5903090168636,
        129.35766288955682,
        128.95173714713835,
        128.37921992081363,
        127.64675159919463,
        126.7609248282973,
        125.72828451154123,
        124.55532780974963,
        123.24850414115289,
        121.81421518138791,
        120.25881486349164,
        118.5886093779068,
        116.80985717248475,
        114.9287689524769,
        112.95150768053972,
        110.8841885767383,
        108.73287911853922,
        106.5035990408127,
        104.20232033583687,
        101.8349672532942,
        99.40741630026722,
        96.92549624124851,
        94.39498809813571,
        91.82162515022725,
        89.21109293422731,
        86.56902924424443,
        83.90102413179505,
        81.2126199057964,
        78.5093111325736,
        75.79654463585541,
        73.07971949677139,
        70.36418705386396,
        67.6552509030735,
        64.95816689774401,
        62.27814314863096,
        59.62034002389203,
        56.989870149086386,
        54.39179840717685,
        51.831141938538394,
        49.312870140948206,
        46.841904669581425,
        44.42311943702322,
        42.06134061326594,
        39.76134662570061,
        37.527868159128275,
        35.3655881557529,
        33.27914181517713,
        31.273116594424977,
        29.35205220790351,
        27.520440627436216,
        25.782726082258023,
        24.143305058995423,
        22.606526301682806,
        21.176690811761034,
        19.858051848081004,
        18.65481492688943,
        17.571137821842342,
        16.61113056399728,
        15.778855441822515,
        15.078327001189251,
        14.513512045369481,
        14.08832963503599,
        13.806651088276567,
        13.672299980582636,
        13.689052144844993,
        13.86063567136091,
        14.190730907827032,
        14.682970459357136,
        15.340939188464375,
        16.168174215056297,
        17.168164916457584,
        18.34435292740224,
        19.70013214000943,
        21.238848703820423,
        22.054356608310854
      ]
    },