{
  "metadata": {
    "measurement": "Measurement1",
    "frequency": 100.0,
    "num_frames": 80,
    "source_metadata": {
      "NO_OF_FRAMES": "2000",
      "NO_OF_CAMERAS": "10",
      "NO_OF_MARKERS": "15",
      "FREQUENCY": "100",
      "NO_OF_ANALOG": "0",
      "ANALOG_FREQUENCY": "0",
      "DESCRIPTION": "--",
      "TIME_STAMP": "2026-01-19, 10:19:43.755",
      "DATA_INCLUDED": "3D",
      "MARKER_NAMES": "New 0000",
      "TRAJECTORY_TYPES": "Measured"
    },
    "frame_range": {
      "start_frame": 540,
      "end_frame": 620,
      "total_frames": 2000
    }
  },
  "approximation_coefficients": {
    "right": {
      "phi_1": {
        "a": 0.27584016930503535,
        "b": -0.6072559701469608,
        "c": 0.1604008215580956,
        "d": 1.4108161350641837
      },
      "phi_3": {
        "a": 0.04863784785932558,
        "b": 0.014361327439991516,
        "c": 1.2569320035899054,
        "d": -0.12239857670313826
      },
      "q2_t": {
        "a": -0.2360963292927592,
        "b": 5.380359810496405,
        "c": -10.78296897578046,
        "d": 6.0026544874034355,
        "e": 0.9668364062706025,
        "f": 0.32480042909460627
      }
    },
    "left": {
      "phi_1": {
        "a": 0.3312244739777466,
        "b": -0.7690528182544463,
        "c": 0.2754894629139168,
        "d": 1.397574608479248
      },
      "phi_3": {
        "a": 0.03814468050103335,
        "b": 0.07688818816285324,
        "c": 1.1892249548740927,
        "d": -0.10423807919578301
      },
      "q2_t": {
        "a": 1.9408230482202655,
        "b": 0.3353019407435433,
        "c": -6.466286643574516,
        "d": 4.399259108113089,
        "e": 1.1323599248680793,
        "f": 0.3543668280218233
      }
    }
  },
  "derivatives": {
    "right": {
      "dq2_dt": [
        1.0960045276492636,
        1.1752256448459564,
        1.282872523452383,
        1.3472298615696765,
        1.4147692995555516,
        1.4747849490924558,
        1.5609614577468234,
        1.6388283102193535,
        1.7253147222212384,
        1.8037582092689242,
        1.8623229985183176,
        1.9328843754851777,
        2.0015497966036744,
        2.07938234523799,
        2.119496149316391,
        2.1003900947933474,
        2.0658007279202417,
        2.03023486764935,
        2.028224714310145,
        2.0773905359901645,
        2.131862410066132,
        2.221765330038772,
        2.3330775092253564,
        2.450123899935286,
        2.483162410495998,
        2.438425841465963,
        2.4469142696884383,
        2.347052847265929,
        2.2000875602757652,
        2.1624257266886993,
        2.115058008166293,
        2.204814136663047,
        2.2739098847319728,
        2.1671314767686134,
        2.103169852128439,
        2.075648484082082,
        2.0305711549037264,
        2.0076047949637577,
        1.9849257662609698,
        1.9525483001666455,
        1.9321344879293711,
        1.9113424069977736,
        1.8902931844250404,
        1.9063057851852028,
        1.7987497336708125,
        1.6424491272832409,
        1.6602437908173728,
        1.6886047323340092,
        1.6765982209282049,
        1.530871672995826,
        1.397402061104147,
        1.3087987841517323,
        1.2957908864911993,
        1.3333820721390333,
        1.2971043949288608,
        1.2761235115643088,
        1.296463900315159,
        1.2214225682812274,
        1.1433023929493302,
        1.1432446469603619,
        1.1423647988805352,
        1.1026015519705945,
        0.918740437937482,
        0.8107566297913205,
        0.8370484846265236,
        0.821668471674708,
        0.6786190195064101,
        0.6725771753296139,
        0.6248104315848546,
        0.6205321836437516,
        0.6863121862867638,
        0.527211329416899,
        0.5655243598980397,
        0.6030513600102427,
        0.48892389268903047,
        0.35836426798783183,
        0.4304877214899139,
        0.4620562095855374,
        0.5826808529226679,
        0.8532683985996048
      ],
      "dq2_dt_from_polynomial": [
        1.0257900322459046,
        1.08261931353143,
        1.1931396548140876,
        1.297447834522089,
        1.3956722730019022,
        1.4879411072843962,
        1.5743821910848443,
        1.655123094802921,
        1.7302911055227077,
        1.800013227012709,
        1.864416179725803,
        1.9236264007992887,
        1.9777700440548718,
        2.026972979998659,
        2.0713607958211644,
        2.111058795397308,
        2.1461919992864176,
        2.1768851447321933,
        2.203262685662788,
        2.2254487926907482,
        2.2435673531129905,
        2.257741970910876,
        2.268095966750161,
        2.274752377980982,
        2.2778339586379257,
        2.2774631794399425,
        2.273762227790399,
        2.266853007777081,
        2.2568571401721527,
        2.243895962432224,
        2.228090528698279,
        2.209561609795696,
        2.1884296932342893,
        2.164814983208263,
        2.1388374005962105,
        2.110616582961161,
        2.080271884550544,
        2.047922376296163,
        2.0136868458142443,
        1.9776837974054384,
        1.9400314520547801,
        1.900847747431722,
        1.8602503378900903,
        1.8183565944681401,
        1.7752836048885556,
        1.7311481735583722,
        1.6860668215690544,
        1.6401557866965066,
        1.5935310234009847,
        1.5463082028271513,
        1.4986027128041535,
        1.450529657845423,
        1.402203859148865,
        1.3537398545968138,
        1.3052518987559436,
        1.2568539628774023,
        1.2086597348966777,
        1.1607826194336757,
        1.1133357377927644,
        1.06643192796263,
        1.020183744616432,
        0.9747034591117365,
        0.9301030594904502,
        0.8864942504789197,
        0.8439884534879316,
        0.8026968066126128,
        0.7627301646325524,
        0.7241990990117575,
        0.6872138978984754,
        0.6518845661255934,
        0.6183208252102945,
        0.5866321133541352,
        0.5569275854431011,
        0.5293161130475954,
        0.5039062844224618,
        0.48080640450686163,
        0.46012449492442986,
        0.44196829398316373,
        0.4264452566755228,
        0.41935544309694706
      ]
    },