{
  "metadata": {
    "measurement": "Measurement1",
    "frequency": 100.0,
    "num_frames": 80,
    "source_metadata": {
      "NO_OF_FRAMES": "2000",
      "NO_OF_CAMERAS": "10",
      "NO_OF_MARKERS": "15",
      "FREQUENCY": "100",
      "NO_OF_ANALOG": "0",
      "ANALOG_FREQUENCY": "0",
      "DESCRIPTION": "--",
      "TIME_STAMP": "2026-01-19, 10:19:43.755",
      "DATA_INCLUDED": "3D",
      "MARKER_NAMES": "New 0000",
      "TRAJECTORY_TYPES": "Measured"
    },
    "frame_range": {
      "start_frame": 540,
      "end_frame": 620,
      "total_frames": 2000
    }
  },
  "approximation_coefficients": {
    "right": {
      "phi_1": {
        "a": 8.40257206472316e-05,
        "b": -0.010598616081457289,
        "c": 0.16040082155811475,
        "d": 80.83381020813613
      },
      "phi_3": {
        "a": 1.481593571888615e-05,
        "b": 0.0002506524487848831,
        "c": 1.256932003589905,
        "d": -7.0129218634981285
      },
      "q2_t": {
        "a": -13.52732322700586,
        "b": 308.27190940325494,
        "c": -617.8186129327277,
        "d": 343.9267680034818,
        "e": 55.395645558901414,
        "f": 18.609693771159066
      }
    },
    "left": {
      "phi_1": {
        "a": 0.00010089674463330965,
        "b": -0.013422503800281477,
        "c": 0.27548946291391535,
        "d": 80.07512662050925
      },
      "phi_3": {
        "a": 1.1619534152813308e-05,
        "b": 0.001341952039334699,
        "c": 1.189224954874094,
        "d": -5.972402002468794
      },
      "q2_t": {
        "a": 111.2009694447403,
        "b": 19.211386067140417,
        "c": -370.4909337986263,
        "d": 252.0589798793642,
        "e": 64.87944458469231,
        "f": 20.30372364508877
      }
    }
  },
  "derivatives": {
    "right": {
      "dq2_dt": [
        62.796433761531034,
        67.335469425214,
        73.50318124711919,
        77.19058510193548,
        81.06030984921233,
        84.49895327241421,
        89.43650351148165,
        93.89794552212578,
        98.85325191506382,
        103.34773265318375,
        106.70324790524717,
        110.74611700208123,
        114.6803558306587,
        119.13983237615184,
        121.4381840500593,
        120.34348776274157,
        118.36166302488351,
        116.32388933660849,
        116.20871603409881,
        119.02571011265621,
        122.14671859937738,
        127.2977764797119,
        133.67549455550716,
        140.3817587504264,
        142.27472596695208,
        139.71150937163515,
        140.1978604834838,
        134.47622244250113,
        126.0557317630358,
        123.89786764977302,
        121.18389729327461,
        126.32654464157298,
        130.2854393882214,
        124.16748726879447,
        120.5027561261133,
        118.92589789063095,
        116.34315717698911,
        115.02728168165035,
        113.72786905352399,
        111.87277689499169,
        110.70315161002355,
        109.51185312534832,
        108.3058215098994,
        109.22327595248476,
        103.06076813961838,
        94.10540305827482,
        95.12496217663653,
        96.74992442855697,
        96.06200199832813,
        87.71248583879228,
        80.06524038415037,
        74.98864656374806,
        74.24334892746103,
        76.397165211975,
        74.31860741729395,
        73.11649135004856,
        74.28190977912834,
        69.98235816454397,
        65.50640182320393,
        65.5030932217528,
        65.45268164016562,
        63.17441541248954,
        52.63994956181932,
        46.45293309929315,
        47.959345416920485,
        47.078135585925196,
        38.88200571502338,
        38.53583354321728,
        35.79900072556015,
        35.55387517482416,
        39.32279170262731,
        30.206984087069344,
        32.402159033995304,
        34.55229775821138,
        28.01327555418851,
        20.532760083997914,
        24.66512957357523,
        26.47387070706344,
        33.38515367555246,
        48.88867803164487
      ],
      "dq2_dt_from_polynomial": [
        58.77343951427925,
        62.02951748470156,
        68.36186659054313,
        74.33828505650375,
        79.96613082643957,
        85.25274561141849,
        90.20545488972064,
        94.83156790683864,
        99.13837767547679,
        103.13316097555187,
        106.8231783541929,
        110.21567412574029,
        113.31787637174706,
        116.13699694097885,
        118.68023144941233,
        120.95475928023748,
        122.9677435838557,
        124.72633127787986,
        126.23765304713679,
        127.50882334366445,
        128.54694038671147,
        129.35908616274148,
        129.95232642542865,
        130.33371069565794,
        130.51027226152988,
        130.4890281783539,
        130.2769792686533,
        129.88111012216308,
        129.3083890958293,
        128.5657683138126,
        127.6601836674832,
        126.59855481542479,
        125.38778518343427,
        124.03476196451741,
        122.54635611889384,
        120.92942237399775,
        119.19079922447189,
        117.33730893217178,
        115.37575752616718,
        113.31293480273779,
        111.1556143253754,
        108.91055342478637,
        106.58449319888703,
        104.18415851280614,
        101.71625799888417,
        99.18748405667515,
        96.60451285294442,
        93.97400432166876,
        91.3026021640384,
        88.59693384845428,
        85.86361061053296,
        83.10922745309881,
        80.34036314618618,
        77.56358022705072,
        74.7854250001538,
        72.0124275371667,
        69.25110167697994,
        66.50794502569113,
        63.789438956609246,
        61.1020486102575,
        58.45222289437331,
        55.84639448390405,
        53.29097982100848,
        50.79237911505672,
        48.3569763426317,
        45.991139247531976,
        43.70121934076536,
        41.49355190054962,
        39.374455972317435,
        37.350234368713586,
        35.42717366959636,
        33.611544222033274,
        31.90960014030253,
        30.327579305898666,
        28.87170336752547,
        27.548177741103075,
        26.36319160975944,
        25.32291792383461,
        24.433513400883555,
        24.027297005295623
      ]
    },