{
  "metadata": {
    "measurement": "Measurement1",
    "frequency": 100.0,
    "num_frames": 90,
    "source_metadata": {
      "NO_OF_FRAMES": "2000",
      "NO_OF_CAMERAS": "10",
      "NO_OF_MARKERS": "15",
      "FREQUENCY": "100",
      "NO_OF_ANALOG": "0",
      "ANALOG_FREQUENCY": "0",
      "DESCRIPTION": "--",
      "TIME_STAMP": "2026-01-19, 10:19:43.755",
      "DATA_INCLUDED": "3D",
      "MARKER_NAMES": "New 0000",
      "TRAJECTORY_TYPES": "Measured"
    },
    "frame_range": {
      "start_frame": 540,
      "end_frame": 630,
      "total_frames": 2000
    }
  },
  "approximation_coefficients": {
    "right": {
      "phi_1": {
        "a": 0.4059144592013182,
        "b": -0.9467928606559302,
        "c": 0.42713588442835543,
        "d": 1.3493745101183015
      },
      "phi_3": {
        "a": 0.058101349101566856,
        "b": -0.010203929761050919,
        "c": 1.2761350799612652,
        "d": -0.1268052275686787
      },
      "q2_t": {
        "a": -1.3047684022125992,
        "b": 7.470191274423911,
        "c": -12.216276710134936,
        "d": 6.409394421304811,
        "e": 0.9243027442430798,
        "f": 0.32574424853720146
      }
    },
    "left": {
      "phi_1": {
        "a": 0.4525330278128125,
        "b": -1.0908142277288622,
        "c": 0.5349868812360352,
        "d": 1.3351723376961504
      },
      "phi_3": {
        "a": 0.09810539344405739,
        "b": -0.08176832695196692,
        "c": 1.3169080595196343,
        "d": -0.13489175295332098
      },
      "q2_t": {
        "a": 0.3714319857369341,
        "b": 3.3740979292033004,
        "c": -8.531986711993692,
        "d": 4.980800195178712,
        "e": 1.0719818086868205,
        "f": 0.35569757713868777
      }
    }
  },
  "derivatives": {
    "right": {
      "dq2_dt": [
        1.0960045276492636,
        1.1752256448459564,
        1.282872523452383,
        1.3472298615696765,
        1.4147692995555516,
        1.4747849490924558,
        1.5609614577468234,
        1.6388283102193535,
        1.7253147222212384,
        1.8037582092689242,
        1.8623229985183176,
        1.9328843754851777,
        2.0015497966036744,
        2.07938234523799,
        2.119496149316391,
        2.1003900947933474,
        2.0658007279202417,
        2.03023486764935,
        2.028224714310145,
        2.0773905359901645,
        2.131862410066132,
        2.221765330038772,
        2.3330775092253564,
        2.450123899935286,
        2.483162410495998,
        2.438425841465963,
        2.4469142696884383,
        2.347052847265929,
        2.2000875602757652,
        2.1624257266886993,
        2.115058008166293,
        2.204814136663047,
        2.2739098847319728,
        2.1671314767686134,
        2.103169852128439,
        2.075648484082082,
        2.0305711549037264,
        2.0076047949637577,
        1.9849257662609698,
        1.9525483001666455,
        1.9321344879293711,
        1.9113424069977736,
        1.8902931844250404,
        1.9063057851852028,
        1.7987497336708125,
        1.6424491272832409,
        1.6602437908173728,
        1.6886047323340092,
        1.6765982209282049,
        1.530871672995826,
        1.397402061104147,
        1.3087987841517323,
        1.2957908864911993,
        1.3333820721390333,
        1.2971043949288608,
        1.2761235115643088,
        1.296463900315159,
        1.2214225682812274,
        1.1433023929493302,
        1.1432446469603619,
        1.1423647988805352,
        1.1026015519705945,
        0.918740437937482,
        0.8107566297913205,
        0.8370484846265236,
        0.821668471674708,
        0.6786190195064101,
        0.6725771753296139,
        0.6248104315848546,
        0.6205321836437516,
        0.6863121862867638,
        0.527211329416899,
        0.5655243598980397,
        0.6030513600102427,
        0.48892389268903047,
        0.35836426798783183,
        0.4304877214899139,
        0.4620562095855374,
        0.5826808529226679,
        0.629885685283571,
        0.2922026986062143,
        0.32520533396583895,
        0.29747840940852477,
        0.18068598518989898,
        0.32847077133472125,
        0.20679432180986668,
        0.11584704537350721,
        0.2022067011375528,
        0.29622286768984374,
        0.42415592865177043
      ],
      "dq2_dt_from_polynomial": [
        0.987182517928703,
        1.047663674752372,
        1.1650945902533072,
        1.2755507860346487,
        1.3792076323817737,
        1.4762389338579762,
        1.5668169293044765,
        1.651112291840409,
        1.7292941288628154,
        1.8015299820466624,
        1.8679858273448424,
        1.9288260749881436,
        1.9842135694852907,
        2.034309589622929,
        2.0792738484655846,
        2.119264493355749,
        2.1544381059138193,
        2.184949702038075,
        2.2109527319047526,
        2.232599079967995,
        2.250039064959841,
        2.263421439890284,
        2.2728933920472203,
        2.278600542996434,
        2.2806869485816725,
        2.2792950989245773,
        2.274565918424698,
        2.266638765759521,
        2.2556514338844313,
        2.241740150032756,
        2.225039575715737,
        2.2056828067225087,
        2.18380137312012,
        2.159525239253568,
        2.132982803745742,
        2.104300899497491,
        2.0736047936875335,
        2.041018187772492,
        2.0066632174869814,
        1.9706604528434535,
        1.9331288981323191,
        1.8941859919219262,
        1.8539476070584704,
        1.81252805066614,
        1.770040064147016,
        1.7265948231810602,
        1.6823019377261716,
        1.6372694520182085,
        1.5916038445709213,
        1.545410028175942,
        1.4987913499028505,
        1.4518495910991303,
        1.404684967390224,
        1.3573961286794667,
        1.3100801591480749,
        1.2628325772552018,
        1.21574733573796,
        1.1689168216113544,
        1.1224318561682822,
        1.0763816949795668,
        1.0308540278939793,
        0.9859349790381722,
        0.9417091068167682,
        0.8982594039122382,
        0.8556672972849899,
        0.8140126481733789,
        0.7733737520936645,
        0.7338273388399985,
        0.6954485724844917,
        0.6583110513771584,
        0.6224868081458723,
        0.5880463096965771,
        0.5550584572129424,
        0.5235905861566081,
        0.49370846626729525,
        0.4654763015624397,
        0.4389567303374142,
        0.4142108251657284,
        0.3912980928985066,
        0.370276474664899,
        0.35120234587214805,
        0.33413051620522216,
        0.3191142296269711,
        0.3062051643782926,
        0.29545343297797677,
        0.2869075822226619,
        0.2806145931870119,
        0.27661988122351655,
        0.2749672959626026,
        0.2747319183539654
      ]
    },